<?xml version="1.0" encoding="utf-8"?>
<TileMap version="1.0.0" tilemapservice="http://tms.osgeo.org/1.0.0">
  <Title>70</Title>
  <Abstract></Abstract>
  <SRS>EPSG:32750</SRS>
  <BoundingBox minx="510025.87793544" miny="9945078.4831331" maxx="510735.80436196" maxy="9945759.7214057"/>
  <Origin x="510025.87793544" y="9944940.8482665"/>
  <TileFormat width="256" height="256" mime-type="image/png" extension="png"/>
  <TileSets profile="local">
    <TileSet href="0" units-per-pixel="3.1987231999999" order="0"/>
    <TileSet href="1" units-per-pixel="1.5993616" order="1"/>
    <TileSet href="2" units-per-pixel="0.79968079999998" order="2"/>
    <TileSet href="3" units-per-pixel="0.39984039999999" order="3"/>
    <TileSet href="4" units-per-pixel="0.19992019999999" order="4"/>
    <TileSet href="5" units-per-pixel="0.099960099999997" order="5"/>
  </TileSets>
</TileMap>
